@%0@5",ISBN,9IAH,9IAH(448%),
7H-@#7H-,
7H-@#7H-5HAH2,
7H-9IA% /9I#'#!,@%+!9H,@%#03+1*7-,#1I5H4!L,*25H4!L,*314!L,3'+I2, 2#0-,+1'@#7H-
,978-616-7368-26-9,!4%4#L,,@GI-"B@I2+2A*,,,155.41,!-,,#8@/,*'@4!52,255,,4'4"2@G
,978-974-02-1403-8,9!  1#% @+%7-8
9,,Japan Salary man ‡πÄ‡∏õ‡πá‡∏ô‡πÑ‡∏î‡πâ‡∏°‡∏≤‡,,,158.7, -+,,#8@/,!4
,184,,2#32
,978-616-04-3938-6,
4 '9."8,,20 ‡∏ô‡∏±‡∏Å‡∏Ñ‡∏ì‡∏¥‡∏ï‡∏®‡∏≤‡∏™‡∏ï,,,510,
-.,,#8@/,2!58J*L,208,,4(2*#L
,978-974-02-1586-8,*2'# 1#LH-(#5,,'4HDI D!HC
HAHDI'4H,,,796.42,*-,,#8@/,!4
,200,,2#'4H
,978-616-20-1510-6,@-#1L  -8!#,,"U,PPP *3'D" 1AH-5'181",,,398.9591,---,,#8@/,.(. 12,248,, 2)2D"
,978-974-484-284-8,@"2'
I222 4@),,I2'5H%2,,,364.36,"-,,#8@/,*2#5,246,,-2
2##!'1"#8H
,978-616-494-037-6, 2 #L   4H82#1L,,"@H(1L5H8H 3,000 3C 30 '1",,,495.681,-,,#8@/,2#L@@5"!@!-#L,440,, 2)25H8H
,978-974-484-284-8,@"2'
I222 4@),,I2'5H%2,,,364.36,"-,,#8@/,*2#5,246,,-2
2##!'1"#8H
,978-616-04-4157-0,-5 
5A- ,,#9I1@- @I2C9I-7H,,,158.1,--,,#8@/,2!58J*L,208,,'2!#0+1C(1" 2
,978-974-02-1557-8,3
1"  
5''4'##L,,-"H2
'@-D9+1#1,,,128,-
,,#8@/,!4
,208,,!8)"L
,978-616-06-2391-4,.15H,,$9#I-C
I-+'2@"G,,,,.-$,,#8@/,@-@'-#L'2",380,,'4"2"D"
,978-616-00-3898-5,Scriper,,	%2!D!H4@7I-,,,,*-	,,#8@/,Deep,575,,'4"2"D"
,978-616-00-4060-5,littlebbear96,,5H@%2,,,,%-,,#8@/,Deep,447,,'4"2"D"
,978-616-7793-35-1,.5# 1#L  8H!',,+I-H21 No.9-2,,,617.02,-+,,#8@/,I!02' 1%4

4,159,,+I-H21
,974-8207-00-5,- 42 #1!%!2(,,D"12#@!7-:44$2'4B",,,320.9593,--,,#8@/,*21B"2"2#(6)2,224,,D"2#@!7-2##-
,978-616-303-165-5,-1""2,,##1!18#2
,,,,--,,#8@/,#2#,317,,'4"2"D"
,978-616-520-502-3,@!'4,,Fake ‡πÄ‡∏™‡πÅ‡∏™‡∏£‡π,,,,!-*,,#8@/,-!#4#L 8J*L,268,,'4"2"D"
,978-974-02-1484-7,+8H!@!7-1#L,,2-@#2 I-I2'@-,,,158.1,+-,,#8@/,!4
,232,,4'4"2#0"8L
,978-974-02-1763-3,G-5H  A#
-'L,,9I31I*-C+I#9I'H2,,,658.4092,-,,#8@/,!4
,296,,9I3
,978-616-7793-34-4,1L  
98@%5H"D@#7H-"F,,@#7H-@%H2-+!-*94 +!-%1'5,,,#*.,-#,,#8@/,I!02'1%4

4H,204,,@#7H-*1I
,978-616-04-4819-7,-!B#4  1!25,,AGH2I2%- 1 '2!%1-*2#@!5,,,741.5,-,,#8@/,2!58J*L,215,,2#L9
,978-974-02-1460-1,#9@4I% *82#1L  (#5*8#2L,,Mind Direct ‡∏Å‡∏≥‡∏Å‡∏±‡∏ö‡πÉ‡∏à‡πÉ‡∏´‡π,,,158.1,*-,,#8@/,!4
,136,,4'4"21@8%
,978-616-588-732-8,(14L(4#4  !5*!*7,,'5 -77+2',,,895.911,(-,,#8@/,*.@-@5"@%*,96,,'54L
,978-616-588-732-8,(14L(4#4  !5*!*7,,'5 -77+2',,,895.911,(-,,#8@/,*.@-@5"@%*,96,,'54L
,978-616-588-732-8,(14L(4#4  !5*!*7,,'5 -77+2',,,895.911,(-,,#8@/,*.@-@5"@%*,96,,'54L
,978-616-588-732-8,(14L(4#4  !5*!*7,,'5 -77+2',,,895.911,(-,,#8@/,*.@-@5"@%*,96,,'54L
,978-616-91842-8-7, 24L  '5#0 8
L,,A%I''1+6H@#20@4B,,,152,-%,,#8@/,D"9A#L@-,273,,4'4"22#12@-
,978-616-06-1034-1,@I2+49I@%-B	!,,Foxy Pilot ‡πÄ‡∏à‡πâ‡∏≤‡∏´‡∏ç‡∏¥‡∏á‡∏à‡∏≠‡∏°‡πÅ‡∏™,,,,-,,#8@/,AH!C*,257,,'4"2"
,978-616-06-1034-1,@I2+49I@%-B	!,,Foxy Pilot ‡πÄ‡∏à‡πâ‡∏≤‡∏´‡∏ç‡∏¥‡∏á‡∏à‡∏≠‡∏°‡πÅ‡∏™,,,,-,,#8@/,AH!C*,257,,'4"2"
,978-616-06-1034-1,@I2+49I@%-B	!,,Foxy Pilot ‡πÄ‡∏à‡πâ‡∏≤‡∏´‡∏ç‡∏¥‡∏á‡∏à‡∏≠‡∏°‡πÅ‡∏™,,,,-,,#8@/,AH!C*,257,,'4"2"
,978-616-06-1802-6,PloyPink,,Sexy Cherry ‡∏ï‡∏¥‡∏ß‡∏â‡∏≤‡∏Å‡∏£‡∏±‡∏Å‡∏ï‡∏Å‡∏´,,,,-,,#8@/,AH!C*,236,,'4"2"
,978-616-06-1802-6,PloyPink,,Sexy Cherry ‡∏ï‡∏¥‡∏ß‡∏â‡∏≤‡∏Å‡∏£‡∏±‡∏Å‡∏ï‡∏Å‡∏´,,,,-,,#8@/,AH!C*,236,,'4"2"
,978-616-06-1802-6,PloyPink,,Sexy Cherry ‡∏ï‡∏¥‡∏ß‡∏â‡∏≤‡∏Å‡∏£‡∏±‡∏Å‡∏ï‡∏Å‡∏´,,,,-,,#8@/,AH!C*,236,,'4"2"
,978-974-287-459-9,%9
8,,Triple Nine Apartment ‡πÄ‡∏Å‡∏°‡∏£‡∏±‡∏,,,,%-,,#8@/,AH!C*,210,,'4"2"
,978-974-287-459-9,%9
8,,Triple Nine Apartment ‡πÄ‡∏Å‡∏°‡∏£‡∏±‡∏,,,,%-,,#8@/,AH!C*,210,,'4"2"
,978-611-06-0032-3,%9
8,,Black Romeo ‡∏û‡∏¥‡∏™‡∏π‡∏à‡∏ô‡πå‡∏£‡∏±,,,,%-,,#8@/,AH!C*,192,,'4"2"
,978-611-06-0032-3,%9
8,,Black Romeo ‡∏û‡∏¥‡∏™‡∏π‡∏à‡∏ô‡πå‡∏£‡∏±,,,,%-,,#8@/,AH!C*,192,,'4"2"
,978-611-06-0032-3,%9
8,,Black Romeo ‡∏û‡∏¥‡∏™‡∏π‡∏à‡∏ô‡πå‡∏£‡∏±,,,,%-,,#8@/,AH!C*,192,,'4"2"
,978-616-06-1001-3,%'4#L,,Blood Redemtion ‡∏û‡∏±‡∏ô‡∏ò‡∏ô‡∏≤‡∏Å‡,,,,%-,,#8@/,@-G@-#L8J*L,254,,'4"2"
,978-616-06-1001-3,%'4#L,,Blood Redemtion ‡∏û‡∏±‡∏ô‡∏ò‡∏ô‡∏≤‡∏Å‡,,,,%-,,#8@/,@-G@-#L8J*L,254,,'4"2"
,978-616-06-1558-2,Jame Carol,,@
7-#H2*#I2+8H,,,,-
,,#8@/,@-G@-#L8J*L,254,,'4"2"
,978-616-06-1618-3,Yu Wo ,,1/2 Prince  Vol.1 ‡∏ï‡∏≠‡∏ô ‡πÄ‡∏õ,,,,"-+,,#8@/,@-G@-#L8J*L,207,,'4"2"
,978-616-06-1618-3,Yu Wo ,,1/2 Prince  Vol.1 ‡∏ï‡∏≠‡∏ô ‡πÄ‡∏õ,,,,"-+,,#8@/,@-G@-#L8J*L,207,,'4"2"
